day,dai_name,dai_num,game,difference,bb,rb,Total,big_per,reg_per
2025-10-01,マイジャグラーV,919,7655,233,25,29,141.8,306.2,264.0
2025-10-01,マイジャグラーV,920,7747,3561,40,25,119.2,193.7,309.9
2025-10-01,マイジャグラーV,921,6203,-131,23,18,151.3,269.7,344.6
2025-10-01,マイジャグラーV,922,8557,441,29,32,140.3,295.1,267.4
2025-10-01,マイジャグラーV,923,9591,3902,50,26,126.2,191.8,368.9
2025-10-01,マイジャグラーV,924,8234,3742,40,38,105.6,205.8,216.7
2025-10-01,マイジャグラーV,925,7883,2541,32,36,115.9,246.3,219.0
2025-10-01,マイジャグラーV,983,8216,974,33,23,146.7,249.0,357.2
2025-10-01,マイジャグラーV,984,7330,2484,33,32,112.8,222.1,229.1
2025-10-01,マイジャグラーV,985,6786,-690,22,21,157.8,308.5,323.1
2025-10-01,マイジャグラーV,986,6869,-905,22,19,167.5,312.2,361.5
2025-10-01,マイジャグラーV,987,7020,3720,39,27,106.4,180.0,260.0
2025-10-01,マイジャグラーV,988,9073,3082,41,39,113.4,221.3,232.6
2025-10-01,マイジャグラーV,989,8531,2130,37,31,125.5,230.6,275.2
2025-10-01,マイジャグラーV,990,7586,531,30,21,148.7,252.9,361.2
2025-10-01,マイジャグラーV,991,9202,2444,40,35,122.7,230.1,262.9
2025-10-01,マイジャグラーV,992,8575,2018,35,34,124.3,245.0,252.2
2025-10-01,マイジャグラーV,993,9073,962,27,47,122.6,336.0,193.0
2025-10-01,マイジャグラーV,994,8349,1095,30,42,116.0,278.3,198.8
2025-10-01,マイジャグラーV,995,8916,2838,42,34,117.3,212.3,262.2
2025-10-01,マイジャグラーV,996,8414,3845,38,42,105.2,221.4,200.3
2025-10-01,マイジャグラーV,997,9844,679,35,34,142.7,281.3,289.5
2025-10-01,マイジャグラーV,998,8445,4757,48,30,108.3,175.9,281.5
2025-10-01,マイジャグラーV,999,10083,3909,48,40,114.6,210.1,252.1
2025-10-01,マイジャグラーV,1000,9943,5750,54,36,110.5,184.1,276.2
2025-10-01,マイジャグラーV,1001,9060,203,31,33,141.6,292.3,274.5
2025-10-01,マイジャグラーV,1027,8402,2227,35,38,115.1,240.1,221.1
2025-10-01,マイジャグラーV,1028,8824,2116,38,29,131.7,232.2,304.3
2025-10-01,マイジャグラーV,1029,9607,5029,54,38,104.4,177.9,252.8
2025-10-01,マイジャグラーV,1030,10230,2553,44,34,131.2,232.5,300.9
2025-10-01,マイジャグラーV,1031,7964,-1745,20,30,159.3,398.2,265.5
2025-10-01,マイジャグラーV,1032,8565,159,32,27,145.2,267.7,317.2
2025-10-01,マイジャグラーV,1033,7913,-37,25,30,143.9,316.5,263.8
2025-10-01,マイジャグラーV,1034,7615,-1369,22,24,165.5,346.1,317.3
2025-10-01,マイジャグラーV,1035,8414,-1447,26,24,168.3,323.6,350.6
2025-10-01,マイジャグラーV,1036,8896,332,31,31,143.5,287.0,287.0
2025-10-01,マイジャグラーV,1037,9849,1962,45,23,144.8,218.9,428.2
2025-10-01,マイジャグラーV,1038,9246,1559,38,36,124.9,243.3,256.8
2025-10-01,マイジャグラーV,1039,8095,1306,35,23,139.6,231.3,352.0
2025-10-01,マイジャグラーV,1040,9687,2405,43,34,125.8,225.3,284.9
2025-10-01,マイジャグラーV,1041,10008,1929,38,46,119.1,263.4,217.6
2025-10-01,マイジャグラーV,1042,9482,2469,41,42,114.2,231.3,225.8
2025-10-01,マイジャグラーV,1043,8194,2351,35,37,113.8,234.1,221.5
2025-10-01,マイジャグラーV,1044,7746,1616,37,22,131.3,209.4,352.1
2025-10-01,マイジャグラーV,1045,9002,506,31,36,134.4,290.4,250.1
2025-10-01,マイジャグラーV,1046,8064,833,28,35,128.0,288.0,230.4
2025-10-01,マイジャグラーV,1047,8069,566,27,35,130.1,298.9,230.5
2025-10-01,マイジャグラーV,1048,7602,2434,36,28,118.8,211.2,271.5
2025-10-01,マイジャグラーV,1049,7588,2427,33,36,110.0,229.9,210.8
2025-10-01,マイジャグラーV,1050,8317,-411,29,26,151.2,286.8,319.9
2025-10-01,マイジャグラーV,1051,7107,1963,30,33,112.8,236.9,215.4
2025-10-01,マイジャグラーV,1052,9297,2532,43,29,129.1,216.2,320.6
2025-10-01,マイジャグラーV,1053,5091,-255,17,14,164.2,299.5,363.6
2025-10-01,マイジャグラーV,1054,8088,2438,39,30,117.2,207.4,269.6
2025-10-01,マイジャグラーV,1055,7535,936,29,25,139.5,259.8,301.4
2025-10-01,マイジャグラーV,1056,8922,3172,41,39,111.5,217.6,228.8
2025-10-01,マイジャグラーV,1057,6590,-64,25,13,173.4,263.6,506.9
2025-10-01,マイジャグラーV,1058,7806,1735,37,20,136.9,211.0,390.3
2025-10-01,スマスロ北斗の拳,774,3957,817,51,10,64.9,77.6,395.7
2025-10-01,スマスロ北斗の拳,775,2411,-1759,14,2,150.7,172.2,1205.5
2025-10-01,スマスロ北斗の拳,776,5531,-3058,33,15,115.2,167.6,368.7
2025-10-01,スマスロ北斗の拳,777,1799,-1339,9,4,138.4,199.9,449.8
2025-10-01,スマスロ北斗の拳,778,3522,6334,83,9,38.3,42.4,391.3
2025-10-01,スマスロ北斗の拳,779,7007,-134,75,21,73.0,93.4,333.7
2025-10-01,スマスロ北斗の拳,780,3454,-2679,18,6,143.9,191.9,575.7
2025-10-01,スマスロ北斗の拳,781,839,-1089,2,1,279.7,419.5,839.0
2025-10-01,スマスロ北斗の拳,782,7441,762,90,24,65.3,82.7,310.0
2025-10-01,スマスロ北斗の拳,783,2302,-704,20,4,95.9,115.1,575.5
2025-10-01,スマスロ北斗の拳,784,5719,394,65,14,72.4,88.0,408.5
2025-10-01,スマスロ北斗の拳,785,5117,1804,71,12,61.7,72.1,426.4
2025-10-01,スマスロ北斗の拳,786,3495,261,38,5,81.3,92.0,699.0
2025-10-01,スマスロ北斗の拳,787,4447,6753,96,12,41.2,46.3,370.6
2025-10-01,スマスロ北斗の拳,788,7068,65,76,24,70.7,93.0,294.5
2025-10-01,スマスロ北斗の拳,789,1476,-1696,4,2,246.0,369.0,738.0
2025-10-01,スマスロ北斗の拳,790,2174,-807,17,5,98.8,127.9,434.8
2025-10-01,スマスロ北斗の拳,791,2976,282,34,6,74.4,87.5,496.0
2025-10-01,スマスロ北斗の拳,792,4760,-2363,35,12,101.3,136.0,396.7
2025-10-01,スマスロ北斗の拳,793,3556,-2684,18,8,136.8,197.6,444.5
2025-10-01,スマスロ北斗の拳,794,4973,-1344,46,12,85.7,108.1,414.4
2025-10-01,スマスロ北斗の拳,795,2965,556,35,6,72.3,84.7,494.2
2025-10-01,スマスロ北斗の拳,796,2587,-1532,14,7,123.2,184.8,369.6
2025-10-01,スマスロ北斗の拳,797,3898,2531,66,10,51.3,59.1,389.8
2025-10-01,スマスロ北斗の拳,798,6027,3057,75,28,58.5,80.4,215.2
2025-10-01,スマスロ北斗の拳,799,4156,1181,61,12,56.9,68.1,346.3
2025-10-01,スマスロ北斗の拳,800,1494,3018,43,4,31.8,34.7,373.5
2025-10-01,スマスロ北斗の拳,801,5607,-1421,47,12,95.0,119.3,467.2
2025-10-01,スマスロ北斗の拳,802,3701,-1092,34,10,84.1,108.9,370.1
2025-10-01,沖ドキ!ゴージャス 25Φ,913,2011,-972,7,7,143.6,287.3,287.3
2025-10-01,沖ドキ!ゴージャス 25Φ,914,1290,-893,3,5,161.2,430.0,258.0
2025-10-01,沖ドキ!ゴージャス 25Φ,915,474,-663,0,1,474.0,0.0,474.0
2025-10-01,沖ドキ!ゴージャス 25Φ,916,1073,1908,16,2,59.6,67.1,536.5
2025-10-01,沖ドキ!ゴージャス 25Φ,917,3723,-1407,14,19,112.8,265.9,195.9
2025-10-01,沖ドキ!ゴージャス 25Φ,918,1219,-206,6,5,110.8,203.2,243.8
2025-10-01,沖ドキ!ゴージャス 25Φ,964,3667,-2426,12,9,174.6,305.6,407.4
2025-10-01,沖ドキ!ゴージャス 25Φ,965,2589,-769,14,5,136.3,184.9,517.8
2025-10-01,沖ドキ!ゴージャス 25Φ,966,2088,-673,10,4,149.1,208.8,522.0
2025-10-01,沖ドキ!ゴージャス 25Φ,967,1762,652,13,8,83.9,135.5,220.2
2025-10-01,沖ドキ!ゴージャス 25Φ,968,192,761,3,5,24.0,64.0,38.4
2025-10-01,沖ドキ!ゴージャス 25Φ,969,4089,-3099,13,6,215.2,314.5,681.5
2025-10-01,沖ドキ!ゴージャス 25Φ,970,307,2352,10,6,19.2,30.7,51.2
2025-10-01,沖ドキ!ゴージャス 25Φ,971,2571,-1951,6,8,183.6,428.5,321.4
2025-10-01,沖ドキ!ゴージャス 25Φ,972,3385,3742,36,16,65.1,94.0,211.6
2025-10-01,沖ドキ!ゴージャス 25Φ,973,2427,-886,9,12,115.6,269.7,202.2
2025-10-01,沖ドキ!ゴージャス 25Φ,974,1097,-57,6,4,109.7,182.8,274.2
2025-10-01,沖ドキ!ゴージャス 25Φ,975,927,419,6,6,77.2,154.5,154.5
2025-10-01,沖ドキ!ゴージャス 25Φ,976,4527,-188,25,19,102.9,181.1,238.3
2025-10-01,沖ドキ!ゴージャス 25Φ,977,2430,-2084,5,7,202.5,486.0,347.1
2025-10-01,沖ドキ!ゴージャス 25Φ,978,581,3637,21,3,24.2,27.7,193.7
2025-10-01,沖ドキ!ゴージャス 25Φ,979,2506,-198,13,12,100.2,192.8,208.8
2025-10-01,沖ドキ!ゴージャス 25Φ,980,1407,1341,13,10,61.2,108.2,140.7
2025-10-01,沖ドキ!ゴージャス 25Φ,981,1520,-2225,0,1,1520.0,0.0,1520.0
2025-10-01,沖ドキ!ゴージャス 25Φ,982,2169,159,13,10,94.3,166.8,216.9
2025-10-01,東京リベンジャーズ,698,9293,-2973,35,17,178.7,265.5,546.6
2025-10-01,東京リベンジャーズ,699,8917,-481,38,15,168.2,234.7,594.5
2025-10-01,東京リベンジャーズ,700,7694,-4025,24,15,197.3,320.6,512.9
2025-10-01,東京リベンジャーズ,701,8048,807,44,15,136.4,182.9,536.5
2025-10-01,東京リベンジャーズ,702,8140,-2471,20,21,198.5,407.0,387.6
2025-10-01,東京リベンジャーズ,703,8932,3973,50,16,135.3,178.6,558.2
2025-10-01,東京リベンジャーズ,704,5324,-3143,16,7,231.5,332.8,760.6
2025-10-01,東京リベンジャーズ,705,8755,-3571,31,19,175.1,282.4,460.8
2025-10-01,東京リベンジャーズ,706,8790,-5391,26,12,231.3,338.1,732.5
2025-10-01,東京リベンジャーズ,707,7806,-1812,32,9,190.4,243.9,867.3
2025-10-01,東京リベンジャーズ,708,9038,8706,61,19,113.0,148.2,475.7
2025-10-01,東京リベンジャーズ,709,9468,-1602,38,18,169.1,249.2,526.0
2025-10-01,東京リベンジャーズ,724,8062,190,41,17,139.0,196.6,474.2
2025-10-01,東京リベンジャーズ,725,6612,1499,32,15,140.7,206.6,440.8
2025-10-01,東京リベンジャーズ,726,6852,-2668,23,14,185.2,297.9,489.4
2025-10-01,東京リベンジャーズ,727,7608,-2854,27,12,195.1,281.8,634.0
2025-10-01,東京リベンジャーズ,728,7837,2476,41,13,145.1,191.1,602.8
2025-10-01,東京リベンジャーズ,729,9152,2980,56,12,134.6,163.4,762.7
2025-10-01,東京リベンジャーズ,730,6417,-2470,20,9,221.3,320.9,713.0
2025-10-01,東京リベンジャーズ,731,7627,-4762,23,8,246.0,331.6,953.4
2025-10-01,東京リベンジャーズ,732,8087,-3027,35,10,179.7,231.1,808.7
2025-10-01,東京リベンジャーズ,733,9041,-3146,35,15,180.8,258.3,602.7
2025-10-01,東京リベンジャーズ,734,9146,-4387,29,14,212.7,315.4,653.3
2025-10-01,東京リベンジャーズ,735,8807,-1146,30,9,225.8,293.6,978.6
2025-10-01,東京喰種,687,5357,1399,44,23,80.0,121.8,232.9
2025-10-01,東京喰種,688,4780,3690,44,23,71.3,108.6,207.8
2025-10-01,東京喰種,689,5244,7605,49,21,74.9,107.0,249.7
2025-10-01,東京喰種,690,4759,-28,39,17,85.0,122.0,279.9
2025-10-01,東京喰種,691,5221,3488,53,16,75.7,98.5,326.3
2025-10-01,東京喰種,692,6173,-3121,31,22,116.5,199.1,280.6
2025-10-01,東京喰種,693,5051,6088,55,23,64.8,91.8,219.6
2025-10-01,東京喰種,694,7644,-6100,30,32,123.3,254.8,238.9
2025-10-01,東京喰種,695,5596,2243,51,20,78.8,109.7,279.8
2025-10-01,東京喰種,696,7412,-3668,37,27,115.8,200.3,274.5
2025-10-01,東京喰種,697,5523,4135,42,23,85.0,131.5,240.1
2025-10-01,東京喰種,736,6319,158,49,23,87.8,129.0,274.7
2025-10-01,東京喰種,737,6362,-1987,37,21,109.7,171.9,303.0
2025-10-01,東京喰種,738,6047,2809,60,28,68.7,100.8,216.0
2025-10-01,東京喰種,739,5094,2882,43,17,84.9,118.5,299.6
2025-10-01,東京喰種,740,4805,2467,36,17,90.7,133.5,282.6
2025-10-01,東京喰種,741,5757,-2079,30,15,127.9,191.9,383.8
2025-10-01,東京喰種,742,4302,4742,52,17,62.3,82.7,253.1
2025-10-01,東京喰種,743,4341,4942,42,14,77.5,103.4,310.1
2025-10-01,東京喰種,744,4522,1814,34,13,96.2,133.0,347.8
2025-10-01,東京喰種,745,5382,2697,60,21,66.4,89.7,256.3
2025-10-01,東京喰種,746,6887,-3943,32,32,107.6,215.2,215.2
2025-10-01,モンキーターンV,839,3631,1786,56,14,51.9,64.8,259.4
2025-10-01,モンキーターンV,840,3111,173,26,6,97.2,119.7,518.5
2025-10-01,モンキーターンV,841,3680,-1365,37,14,72.2,99.5,262.9
2025-10-01,モンキーターンV,842,2547,-1374,21,9,84.9,121.3,283.0
2025-10-01,モンキーターンV,843,5730,-2599,52,22,77.4,110.2,260.5
2025-10-01,モンキーターンV,844,5139,-2150,38,16,95.2,135.2,321.2
2025-10-01,モンキーターンV,845,5894,-1817,48,18,89.3,122.8,327.4
2025-10-01,モンキーターンV,846,2122,-1816,14,6,106.1,151.6,353.7
2025-10-01,モンキーターンV,847,1520,-1727,6,3,168.9,253.3,506.7
2025-10-01,モンキーターンV,848,4126,3979,63,16,52.2,65.5,257.9
2025-10-01,モンキーターンV,849,4000,-1514,27,12,102.6,148.1,333.3
2025-10-01,モンキーターンV,888,4678,-954,37,12,95.5,126.4,389.8
2025-10-01,モンキーターンV,889,2472,-1796,17,11,88.3,145.4,224.7
2025-10-01,モンキーターンV,890,3673,2507,47,14,60.2,78.1,262.4
2025-10-01,モンキーターンV,891,5043,-1471,39,14,95.2,129.3,360.2
2025-10-01,モンキーターンV,892,3473,-2683,26,11,93.9,133.6,315.7
2025-10-01,モンキーターンV,893,3599,-879,36,13,73.4,100.0,276.8
2025-10-01,モンキーターンV,894,3306,-3706,13,7,165.3,254.3,472.3
2025-10-01,モンキーターンV,895,1638,2883,24,3,60.7,68.2,546.0
2025-10-01,モンキーターンV,896,3248,-3221,16,7,141.2,203.0,464.0
2025-10-01,モンキーターンV,897,5439,-3361,40,16,97.1,136.0,339.9
2025-10-01,からくりサーカス,755,6005,81,71,19,66.7,84.6,316.1
2025-10-01,からくりサーカス,756,1235,-763,11,5,77.2,112.3,247.0
2025-10-01,からくりサーカス,757,5708,607,68,18,66.4,83.9,317.1
2025-10-01,からくりサーカス,758,2515,2297,43,10,47.5,58.5,251.5
2025-10-01,からくりサーカス,759,3658,-2447,29,9,96.3,126.1,406.4
2025-10-01,からくりサーカス,760,3525,5448,64,15,44.6,55.1,235.0
2025-10-01,からくりサーカス,761,3618,257,44,13,63.5,82.2,278.3
2025-10-01,からくりサーカス,762,7440,23,88,25,65.8,84.5,297.6
2025-10-01,からくりサーカス,763,3529,7249,67,20,40.6,52.7,176.4
2025-10-01,からくりサーカス,764,3684,2517,48,14,59.4,76.8,263.1
2025-10-01,からくりサーカス,765,3617,-3843,17,7,150.7,212.8,516.7
2025-10-01,からくりサーカス,766,4347,624,51,18,63.0,85.2,241.5
2025-10-01,からくりサーカス,767,593,4681,23,5,21.2,25.8,118.6
2025-10-01,からくりサーカス,768,4325,6170,82,16,44.1,52.7,270.3
2025-10-01,からくりサーカス,769,2806,-3413,9,5,200.4,311.8,561.2
2025-10-01,からくりサーカス,770,5224,-2599,48,9,91.6,108.8,580.4
2025-10-01,からくりサーカス,771,3580,-954,39,12,70.2,91.8,298.3
2025-10-01,からくりサーカス,772,3382,4647,48,15,53.7,70.5,225.5
2025-10-01,からくりサーカス,773,3567,-3061,24,11,101.9,148.6,324.3
2025-10-01,モンスターハンターライズ,710,5097,-750,61,23,60.7,83.6,221.6
2025-10-01,モンスターハンターライズ,711,6205,264,75,20,65.3,82.7,310.2
2025-10-01,モンスターハンターライズ,712,3959,1159,52,15,59.1,76.1,263.9
2025-10-01,モンスターハンターライズ,713,2510,-1054,24,7,81.0,104.6,358.6
2025-10-01,モンスターハンターライズ,714,1469,1331,25,4,50.7,58.8,367.2
2025-10-01,モンスターハンターライズ,715,4634,964,72,18,51.5,64.4,257.4
2025-10-01,モンスターハンターライズ,716,3558,-3225,18,10,127.1,197.7,355.8
2025-10-01,モンスターハンターライズ,717,5170,-5513,22,11,156.7,235.0,470.0
2025-10-01,モンスターハンターライズ,718,3349,-2946,17,9,128.8,197.0,372.1
2025-10-01,モンスターハンターライズ,719,3709,-132,40,13,70.0,92.7,285.3
2025-10-01,モンスターハンターライズ,720,3690,-195,49,12,60.5,75.3,307.5
2025-10-01,モンスターハンターライズ,721,3555,-3351,17,9,136.7,209.1,395.0
2025-10-01,モンスターハンターライズ,722,4220,4816,85,19,40.6,49.6,222.1
2025-10-01,モンスターハンターライズ,723,2122,-649,20,7,78.6,106.1,303.1
2025-10-01,ゴーゴージャグラー3,1002,6001,-266,25,14,153.9,240.0,428.6
2025-10-01,ゴーゴージャグラー3,1003,8328,-106,34,23,146.1,244.9,362.1
2025-10-01,ゴーゴージャグラー3,1004,8768,426,39,23,141.4,224.8,381.2
2025-10-01,ゴーゴージャグラー3,1005,5435,-2808,11,12,236.3,494.1,452.9
2025-10-01,ゴーゴージャグラー3,1006,7327,-1145,27,20,155.9,271.4,366.4
2025-10-01,ゴーゴージャグラー3,1007,8695,-801,34,19,164.1,255.7,457.6
2025-10-01,ゴーゴージャグラー3,1008,7573,-655,28,26,140.2,270.5,291.3
2025-10-01,ゴーゴージャグラー3,1009,3647,-1994,6,12,202.6,607.8,303.9
2025-10-01,ゴーゴージャグラー3,1010,7256,-1532,27,17,164.9,268.7,426.8
2025-10-01,ゴーゴージャグラー3,1011,7828,-2086,26,20,170.2,301.1,391.4
2025-10-01,マギアレコード 魔法少女まどか☆マギカ外伝,812,5302,-962,24,27,104.0,220.9,196.4
2025-10-01,マギアレコード 魔法少女まどか☆マギカ外伝,813,6468,-487,32,33,99.5,202.1,196.0
2025-10-01,マギアレコード 魔法少女まどか☆マギカ外伝,814,5789,91,24,42,87.7,241.2,137.8
2025-10-01,マギアレコード 魔法少女まどか☆マギカ外伝,815,5593,-450,24,34,96.4,233.0,164.5
2025-10-01,マギアレコード 魔法少女まどか☆マギカ外伝,816,4107,5658,16,51,61.3,256.7,80.5
2025-10-01,マギアレコード 魔法少女まどか☆マギカ外伝,817,5828,-84,27,48,77.7,215.9,121.4
2025-10-01,マギアレコード 魔法少女まどか☆マギカ外伝,818,5438,3903,24,54,69.7,226.6,100.7
2025-10-01,マギアレコード 魔法少女まどか☆マギカ外伝,819,5923,1130,31,47,75.9,191.1,126.0
2025-10-01,マギアレコード 魔法少女まどか☆マギカ外伝,820,4906,6004,21,58,62.1,233.6,84.6
2025-10-01,マギアレコード 魔法少女まどか☆マギカ外伝,821,4721,3561,23,42,72.6,205.3,112.4
2025-10-01,いざ！番長,803,6529,484,61,17,83.7,107.0,384.1
2025-10-01,いざ！番長,804,5738,-1491,47,19,86.9,122.1,302.0
2025-10-01,いざ！番長,805,5270,124,55,22,68.4,95.8,239.5
2025-10-01,いざ！番長,806,3801,5450,47,17,59.4,80.9,223.6
2025-10-01,いざ！番長,807,5062,2608,56,24,63.3,90.4,210.9
2025-10-01,いざ！番長,808,3849,485,28,13,93.9,137.5,296.1
2025-10-01,いざ！番長,809,6708,-1027,60,22,81.8,111.8,304.9
2025-10-01,いざ！番長,810,4524,3248,44,22,68.5,102.8,205.6
2025-10-01,いざ！番長,811,5455,-1488,40,16,97.4,136.4,340.9
2025-10-01,スーパーブラックジャック,898,4335,2155,71,6,56.3,61.1,722.5
2025-10-01,スーパーブラックジャック,899,3953,454,51,5,70.6,77.5,790.6
2025-10-01,スーパーブラックジャック,900,4647,-3398,43,4,98.9,108.1,1161.8
2025-10-01,スーパーブラックジャック,901,4831,-3149,36,8,109.8,134.2,603.9
2025-10-01,スーパーブラックジャック,902,3024,-1805,22,4,116.3,137.5,756.0
2025-10-01,スーパーブラックジャック,903,2626,-2196,16,4,131.3,164.1,656.5
2025-10-01,スーパーブラックジャック,904,1772,5446,58,0,30.6,30.6,0.0
2025-10-01,スーパーブラックジャック,905,2700,-2228,17,4,128.6,158.8,675.0
2025-10-01,スーパーブラックジャック,906,4042,-4392,18,9,149.7,224.6,449.1
2025-10-01,ダーリン・イン・ザ・フランキス,822,836,-759,2,5,119.4,418.0,167.2
2025-10-01,ダーリン・イン・ザ・フランキス,823,2191,-1551,8,8,136.9,273.9,273.9
2025-10-01,ダーリン・イン・ザ・フランキス,824,3391,-2581,11,19,113.0,308.3,178.5
2025-10-01,ダーリン・イン・ザ・フランキス,825,1274,-904,4,3,182.0,318.5,424.7
2025-10-01,ダーリン・イン・ザ・フランキス,826,3467,-2241,15,11,133.3,231.1,315.2
2025-10-01,ダーリン・イン・ザ・フランキス,827,2624,-411,23,12,75.0,114.1,218.7
2025-10-01,ダーリン・イン・ザ・フランキス,828,1768,-1601,4,9,136.0,442.0,196.4
2025-10-01,ダーリン・イン・ザ・フランキス,829,1322,-1059,4,5,146.9,330.5,264.4
2025-10-01,ダーリン・イン・ザ・フランキス,830,5272,6627,78,21,53.3,67.6,251.0
2025-10-01,かぐや様は告らせたい,679,5759,-3250,20,5,230.4,287.9,1151.8
2025-10-01,かぐや様は告らせたい,680,6052,2895,39,9,126.1,155.2,672.4
2025-10-01,かぐや様は告らせたい,681,6089,1649,36,5,148.5,169.1,1217.8
2025-10-01,かぐや様は告らせたい,682,4634,-251,23,6,159.8,201.5,772.3
2025-10-01,かぐや様は告らせたい,683,4633,-4227,11,8,243.8,421.2,579.1
2025-10-01,かぐや様は告らせたい,684,4183,-2876,13,6,220.2,321.8,697.2
2025-10-01,かぐや様は告らせたい,685,6088,2788,40,9,124.2,152.2,676.4
2025-10-01,かぐや様は告らせたい,686,4469,-2223,17,4,212.8,262.9,1117.2
2025-10-01,ゴッドイーター リザレクション,831,4599,-601,54,16,65.7,85.2,287.4
2025-10-01,ゴッドイーター リザレクション,832,3279,-3331,15,5,163.9,218.6,655.8
2025-10-01,ゴッドイーター リザレクション,833,2603,-2744,11,4,173.5,236.6,650.8
2025-10-01,ゴッドイーター リザレクション,834,2284,-1025,24,5,78.8,95.2,456.8
2025-10-01,ゴッドイーター リザレクション,835,5206,3078,85,14,52.6,61.2,371.9
2025-10-01,ゴッドイーター リザレクション,836,2788,-1929,19,6,111.5,146.7,464.7
2025-10-01,ゴッドイーター リザレクション,837,3054,-1682,29,9,80.4,105.3,339.3
2025-10-01,ゴッドイーター リザレクション,838,2932,2203,53,11,45.8,55.3,266.5
2025-10-01,吉宗,935,6722,-3340,9,7,420.1,746.9,960.3
2025-10-01,吉宗,936,4886,-641,9,4,375.8,542.9,1221.5
2025-10-01,吉宗,937,5224,2060,13,8,248.8,401.8,653.0
2025-10-01,吉宗,938,6537,7232,23,11,192.3,284.2,594.3
2025-10-01,吉宗,939,6911,6405,23,10,209.4,300.5,691.1
2025-10-01,吉宗,940,5761,-877,10,9,303.2,576.1,640.1
2025-10-01,吉宗,941,3172,-1653,4,3,453.1,793.0,1057.3
2025-10-01,吉宗,942,2839,3786,11,2,218.4,258.1,1419.5
2025-10-01,革命機ヴァルヴレイヴ,747,1770,-446,10,2,147.5,177.0,885.0
2025-10-01,革命機ヴァルヴレイヴ,748,4456,-1711,29,3,139.2,153.7,1485.3
2025-10-01,革命機ヴァルヴレイヴ,749,3198,-3205,7,5,266.5,456.9,639.6
2025-10-01,革命機ヴァルヴレイヴ,750,3541,6439,73,1,47.9,48.5,3541.0
2025-10-01,革命機ヴァルヴレイヴ,751,8280,-4433,41,8,169.0,202.0,1035.0
2025-10-01,革命機ヴァルヴレイヴ,752,4283,-1495,27,4,138.2,158.6,1070.8
2025-10-01,革命機ヴァルヴレイヴ,753,5090,5582,84,8,55.3,60.6,636.2
2025-10-01,革命機ヴァルヴレイヴ,754,5495,591,51,6,96.4,107.7,915.8
2025-10-01,ヱヴァンゲリヲン ～約束の扉～,957,6883,-1025,18,23,167.9,382.4,299.3
2025-10-01,ヱヴァンゲリヲン ～約束の扉～,958,9564,1910,37,25,154.3,258.5,382.6
2025-10-01,ヱヴァンゲリヲン ～約束の扉～,959,4129,-2492,8,7,275.3,516.1,589.9
2025-10-01,ヱヴァンゲリヲン ～約束の扉～,960,3805,-1840,9,5,271.8,422.8,761.0
2025-10-01,ヱヴァンゲリヲン ～約束の扉～,961,10359,392,34,27,169.8,304.7,383.7
2025-10-01,ヱヴァンゲリヲン ～約束の扉～,962,9769,2119,37,21,168.4,264.0,465.2
2025-10-01,ヱヴァンゲリヲン ～約束の扉～,963,7053,478,25,10,201.5,282.1,705.3
2025-10-01,ミスタージャグラー,1021,6089,-2062,16,18,179.1,380.6,338.3
2025-10-01,ミスタージャグラー,1022,6021,1938,31,16,128.1,194.2,376.3
2025-10-01,ミスタージャグラー,1023,7577,1362,35,23,130.6,216.5,329.4
2025-10-01,ミスタージャグラー,1024,4950,-1767,15,8,215.2,330.0,618.8
2025-10-01,ミスタージャグラー,1025,5674,-984,21,13,166.9,270.2,436.5
2025-10-01,ミスタージャグラー,1026,5780,-1070,20,10,192.7,289.0,578.0
2025-10-01,沖ドキ!GOLD,907,1780,-419,8,6,127.1,222.5,296.7
2025-10-01,沖ドキ!GOLD,908,2109,151,13,8,100.4,162.2,263.6
2025-10-01,沖ドキ!GOLD,909,359,1310,6,7,27.6,59.8,51.3
2025-10-01,沖ドキ!GOLD,910,934,1588,13,4,54.9,71.8,233.5
2025-10-01,沖ドキ!GOLD,911,492,1836,12,3,32.8,41.0,164.0
2025-10-01,沖ドキ!GOLD,912,2908,-3441,4,3,415.4,727.0,969.3
2025-10-01,アズールレーン THE ANIMATION,930,4177,294,63,27,46.4,66.3,154.7
2025-10-01,アズールレーン THE ANIMATION,931,5381,4422,122,33,34.7,44.1,163.1
2025-10-01,アズールレーン THE ANIMATION,932,5959,-1246,69,35,57.3,86.4,170.3
2025-10-01,アズールレーン THE ANIMATION,933,2653,-2870,10,13,115.3,265.3,204.1
2025-10-01,アズールレーン THE ANIMATION,934,5145,-5500,32,19,100.9,160.8,270.8
2025-10-01,ウルトラミラクルジャグラー,1016,8243,968,32,35,123.0,257.6,235.5
2025-10-01,ウルトラミラクルジャグラー,1017,3974,-2375,7,7,283.9,567.7,567.7
2025-10-01,ウルトラミラクルジャグラー,1018,5226,-452,20,11,168.6,261.3,475.1
2025-10-01,ウルトラミラクルジャグラー,1019,5164,114,23,10,156.5,224.5,516.4
2025-10-01,ウルトラミラクルジャグラー,1020,7307,-131,27,19,158.8,270.6,384.6
2025-10-01,クレアの秘宝伝 ～はじまりの扉と太陽の石～ ボーナストリガーver.,926,7116,696,26,17,165.5,273.7,418.6
2025-10-01,クレアの秘宝伝 ～はじまりの扉と太陽の石～ ボーナストリガーver.,927,7566,-486,24,25,154.4,315.2,302.6
2025-10-01,クレアの秘宝伝 ～はじまりの扉と太陽の石～ ボーナストリガーver.,928,3769,-1209,10,9,198.4,376.9,418.8
2025-10-01,クレアの秘宝伝 ～はじまりの扉と太陽の石～ ボーナストリガーver.,929,7368,88,24,23,156.8,307.0,320.3
2025-10-01,ジャグラーガールズ,1012,4670,-712,15,12,173.0,311.3,389.2
2025-10-01,ジャグラーガールズ,1013,7967,956,33,24,139.8,241.4,332.0
2025-10-01,ジャグラーガールズ,1014,4636,-174,16,18,136.4,289.8,257.6
2025-10-01,ジャグラーガールズ,1015,6323,1725,31,20,124.0,204.0,316.1
2025-10-01,スマスロ ドルアーガの塔,949,2759,-2361,4,4,344.9,689.8,689.8
2025-10-01,スマスロ ドルアーガの塔,950,2817,-1343,6,8,201.2,469.5,352.1
2025-10-01,スマスロ ドルアーガの塔,951,3471,-2156,5,13,192.8,694.2,267.0
2025-10-01,スマスロ ドルアーガの塔,952,3128,-1152,8,7,208.5,391.0,446.9
2025-10-01,戦国乙女4 戦乱に閃く炯眼の軍師,859,2389,-627,12,7,125.7,199.1,341.3
2025-10-01,戦国乙女4 戦乱に閃く炯眼の軍師,864,1617,-1726,3,2,323.4,539.0,808.5
2025-10-01,戦国乙女4 戦乱に閃く炯眼の軍師,874,2853,-2465,9,5,203.8,317.0,570.6
2025-10-01,戦国乙女4 戦乱に閃く炯眼の軍師,884,2668,-813,12,6,148.2,222.3,444.7
2025-10-01,ToLOVEるダークネス TRANCE ver.8.7,850,3366,-2547,18,10,120.2,187.0,336.6
2025-10-01,ToLOVEるダークネス TRANCE ver.8.7,867,4508,-1090,26,10,125.2,173.4,450.8
2025-10-01,ToLOVEるダークネス TRANCE ver.8.7,883,4757,1198,37,18,86.5,128.6,264.3
2025-10-01,ゴジラ対エヴァンゲリオン,854,3905,700,29,29,67.3,134.7,134.7
2025-10-01,ゴジラ対エヴァンゲリオン,870,4738,-2336,24,23,100.8,197.4,206.0
2025-10-01,ゴジラ対エヴァンゲリオン,879,1090,-926,5,2,155.7,218.0,545.0
2025-10-01,デビル メイ クライ5 スタイリッシュトライブ,861,3852,1608,46,16,62.1,83.7,240.8
2025-10-01,デビル メイ クライ5 スタイリッシュトライブ,875,3845,-384,36,17,72.5,106.8,226.2
2025-10-01,デビル メイ クライ5 スタイリッシュトライブ,882,4109,-1947,23,14,111.1,178.7,293.5
2025-10-01,バイオハザード5,855,4690,-1030,26,16,111.7,180.4,293.1
2025-10-01,バイオハザード5,865,2611,-918,12,7,137.4,217.6,373.0
2025-10-01,バイオハザード5,872,2390,-1499,10,6,149.4,239.0,398.3
2025-10-01,咲‐Saki‐ 頂上決戦,852,790,-89,9,3,65.8,87.8,263.3
2025-10-01,咲‐Saki‐ 頂上決戦,868,4756,179,60,23,57.3,79.3,206.8
2025-10-01,咲‐Saki‐ 頂上決戦,881,3031,3488,72,11,36.5,42.1,275.5
2025-10-01,回胴黙示録カイジ 狂宴,866,4399,2296,30,8,115.8,146.6,549.9
2025-10-01,回胴黙示録カイジ 狂宴,869,3627,914,22,6,129.5,164.9,604.5
2025-10-01,回胴黙示録カイジ 狂宴,876,4105,-575,23,7,136.8,178.5,586.4
2025-10-01,転生したら剣でした,851,2166,463,35,4,55.5,61.9,541.5
2025-10-01,転生したら剣でした,863,2697,1398,54,9,42.8,49.9,299.7
2025-10-01,転生したら剣でした,878,5203,-3103,39,15,96.4,133.4,346.9
2025-10-01,アレックス ブライト,953,6481,1095,25,16,158.1,259.2,405.1
2025-10-01,アレックス ブライト,954,4269,-176,16,5,203.3,266.8,853.8
2025-10-01,シャーマンキング,856,3340,5185,17,39,59.6,196.5,85.6
2025-10-01,シャーマンキング,886,2985,-3828,7,3,298.5,426.4,995.0
2025-10-01,チバリヨ2,943,5130,-4789,16,13,176.9,320.6,394.6
2025-10-01,チバリヨ2,944,4834,1411,36,12,100.7,134.3,402.8
2025-10-01,マジカルハロウィン ボーナストリガー,945,5281,-1990,12,9,251.5,440.1,586.8
2025-10-01,マジカルハロウィン ボーナストリガー,946,8268,3471,32,21,156.0,258.4,393.7
2025-10-01,ルパン三世 大航海者の秘宝,853,4010,-4073,16,15,129.4,250.6,267.3
2025-10-01,ルパン三世 大航海者の秘宝,873,2951,3525,28,13,72.0,105.4,227.0
2025-10-01,七つの魔剣が支配する,857,885,-907,10,2,73.8,88.5,442.5
2025-10-01,七つの魔剣が支配する,877,1540,-1305,9,8,90.6,171.1,192.5
2025-10-01,少女☆歌劇 レヴュースタァライト ‐The SLOT‐,947,3745,-504,15,23,98.6,249.7,162.8
2025-10-01,少女☆歌劇 レヴュースタァライト ‐The SLOT‐,948,5963,4006,35,65,59.6,170.4,91.7
2025-10-01,押忍！番長4,862,2610,-1696,15,5,130.5,174.0,522.0
2025-10-01,押忍！番長4,887,1692,-1440,11,3,120.9,153.8,564.0
2025-10-01,痛いのは嫌なので防御力に極振りしたいと思います。,860,5626,8485,55,33,63.9,102.3,170.5
2025-10-01,痛いのは嫌なので防御力に極振りしたいと思います。,880,6403,216,34,24,110.4,188.3,266.8
2025-10-01,緑ドン VIVA!情熱南米編 REVIVAL,858,2733,6137,31,34,42.0,88.2,80.4
2025-10-01,緑ドン VIVA!情熱南米編 REVIVAL,885,1633,1391,13,17,54.4,125.6,96.1
2025-10-01,翔べ！ハーレムエース,955,3137,438,10,5,209.1,313.7,627.4
2025-10-01,翔べ！ハーレムエース,956,1143,-943,0,3,381.0,0.0,381.0
2025-10-01,ギルティクラウン2,871,1060,-399,6,7,81.5,176.7,151.4
